flamuri,regjistrime,perqindja
CONTINENT_DERIVED_FROM_COORDINATES,44725,95.5
TAXON_CONCEPT_ID_NOT_FOUND,26628,56.86
COORDINATE_ROUNDED,14944,31.91
COUNTRY_DERIVED_FROM_COORDINATES,7505,16.03
TAXON_ID_NOT_FOUND,6083,12.99
GEODETIC_DATUM_ASSUMED_WGS84,3850,8.22
OCCURRENCE_STATUS_INFERRED_FROM_INDIVIDUAL_COUNT,1927,4.11
INSTITUTION_MATCH_NONE,1351,2.88
TAXON_MATCH_HIGHERRANK,756,1.61
RECORDED_DATE_INVALID,508,1.08
INSTITUTION_MATCH_FUZZY,452,0.97
COUNTRY_INVALID,379,0.81
INDIVIDUAL_COUNT_INVALID,351,0.75
TAXON_MATCH_FUZZY,190,0.41
COLLECTION_MATCH_NONE,176,0.38
COLLECTION_MATCH_FUZZY,154,0.33
BASIS_OF_RECORD_INVALID,120,0.26
INSTITUTION_COLLECTION_MISMATCH,109,0.23
RECORDED_DATE_MISMATCH,87,0.19
SCIENTIFIC_NAME_ID_NOT_FOUND,79,0.17
REFERENCES_URI_INVALID,65,0.14
COORDINATE_PRECISION_INVALID,63,0.13
NUCLEOTIDE_SEQUENCE_GAPS_REMOVED,44,0.09
TYPE_STATUS_INVALID,29,0.06
TAXON_MATCH_NONE,28,0.06
MULTIMEDIA_URI_INVALID,15,0.03
AMBIGUOUS_INSTITUTION,12,0.03
COORDINATE_UNCERTAINTY_METERS_INVALID,7,0.01
NUCLEOTIDE_SEQUENCE_ENDS_TRIMMED,6,0.01
SUSPECTED_TYPE,3,0.01
AGE_OR_STAGE_RANK_MISMATCH,2,0.0
TAXON_MATCH_NAME_AND_ID_AMBIGUOUS,1,0.0
SCIENTIFIC_NAME_AND_ID_INCONSISTENT,1,0.0
IDENTIFIED_DATE_INVALID,1,0.0
AMBIGUOUS_COLLECTION,1,0.0
