,mungojne,perqindja
iasAppliesFrom,46807,99.95
establishmentMeans,46591,99.49
identifiedBy,39096,83.48
elevation,37011,79.03
coordinateUncertaintyInMeters,32004,68.34
protectedArea,25762,55.01
protectedAreaDesignation,25762,55.01
individualCount,17697,37.79
locality,15251,32.57
collectionCode,13469,28.76
catalogNumber,12559,26.82
vernacularName,3873,8.27
recordedBy,3853,8.23
institutionCode,3711,7.92
day,3219,6.87
month,2867,6.12
year,2268,4.84
eventDate,2190,4.68
issue,1426,3.04
species,1213,2.59
iucnRedListCategory,1213,2.59
iucnRedListStatus,1213,2.59
speciesKey,1213,2.59
class,388,0.83
order,334,0.71
genus,195,0.42
family,158,0.34
phylum,69,0.15
scientificName,37,0.08
kingdom,37,0.08
taxonRank,37,0.08
taxonKey,37,0.08
gbifID,0,0.0
decimalLongitude,0,0.0
district,0,0.0
municipality,0,0.0
decimalLatitude,0,0.0
basisOfRecord,0,0.0
strictlyProtected,0,0.0
datasetKey,0,0.0
license,0,0.0
iasUnionConcern,0,0.0
